<ImportExportXml version="9.2.23063.154" SolutionPackageVersion="9.2" languagecode="1046" generatedBy="CrmLive" xmlns:xsi="http://www.w3.org/2001/XMLSchema-instance">
  <SolutionManifest>
    <UniqueName>DeployKit</UniqueName>
    <LocalizedNames>
      <LocalizedName description="DeployKit" languagecode="1046" />
    </LocalizedNames>
    <Descriptions />
    <Version>1.0.0.1</Version>
    <Managed>0</Managed>
    <Publisher>
      <UniqueName>LTechSP</UniqueName>
      <LocalizedNames>
        <LocalizedName description="ltech" languagecode="1046" />
      </LocalizedNames>
      <Descriptions />
      <EMailAddress xsi:nil="true"></EMailAddress>
      <SupportingWebsiteUrl xsi:nil="true"></SupportingWebsiteUrl>
      <CustomizationPrefix>lt</CustomizationPrefix>
      <CustomizationOptionValuePrefix>12440</CustomizationOptionValuePrefix>
      <Addresses>
        <Address>
          <AddressNumber>1</AddressNumber>
          <AddressTypeCode>1</AddressTypeCode>
          <City xsi:nil="true"></City>
          <County xsi:nil="true"></County>
          <Country xsi:nil="true"></Country>
          <Fax xsi:nil="true"></Fax>
          <FreightTermsCode xsi:nil="true"></FreightTermsCode>
          <ImportSequenceNumber xsi:nil="true"></ImportSequenceNumber>
          <Latitude xsi:nil="true"></Latitude>
          <Line1 xsi:nil="true"></Line1>
          <Line2 xsi:nil="true"></Line2>
          <Line3 xsi:nil="true"></Line3>
          <Longitude xsi:nil="true"></Longitude>
          <Name xsi:nil="true"></Name>
          <PostalCode xsi:nil="true"></PostalCode>
          <PostOfficeBox xsi:nil="true"></PostOfficeBox>
          <PrimaryContactName xsi:nil="true"></PrimaryContactName>
          <ShippingMethodCode>1</ShippingMethodCode>
          <StateOrProvince xsi:nil="true"></StateOrProvince>
          <Telephone1 xsi:nil="true"></Telephone1>
          <Telephone2 xsi:nil="true"></Telephone2>
          <Telephone3 xsi:nil="true"></Telephone3>
          <TimeZoneRuleVersionNumber xsi:nil="true"></TimeZoneRuleVersionNumber>
          <UPSZone xsi:nil="true"></UPSZone>
          <UTCOffset xsi:nil="true"></UTCOffset>
          <UTCConversionTimeZoneCode xsi:nil="true"></UTCConversionTimeZoneCode>
        </Address>
        <Address>
          <AddressNumber>2</AddressNumber>
          <AddressTypeCode>1</AddressTypeCode>
          <City xsi:nil="true"></City>
          <County xsi:nil="true"></County>
          <Country xsi:nil="true"></Country>
          <Fax xsi:nil="true"></Fax>
          <FreightTermsCode xsi:nil="true"></FreightTermsCode>
          <ImportSequenceNumber xsi:nil="true"></ImportSequenceNumber>
          <Latitude xsi:nil="true"></Latitude>
          <Line1 xsi:nil="true"></Line1>
          <Line2 xsi:nil="true"></Line2>
          <Line3 xsi:nil="true"></Line3>
          <Longitude xsi:nil="true"></Longitude>
          <Name xsi:nil="true"></Name>
          <PostalCode xsi:nil="true"></PostalCode>
          <PostOfficeBox xsi:nil="true"></PostOfficeBox>
          <PrimaryContactName xsi:nil="true"></PrimaryContactName>
          <ShippingMethodCode>1</ShippingMethodCode>
          <StateOrProvince xsi:nil="true"></StateOrProvince>
          <Telephone1 xsi:nil="true"></Telephone1>
          <Telephone2 xsi:nil="true"></Telephone2>
          <Telephone3 xsi:nil="true"></Telephone3>
          <TimeZoneRuleVersionNumber xsi:nil="true"></TimeZoneRuleVersionNumber>
          <UPSZone xsi:nil="true"></UPSZone>
          <UTCOffset xsi:nil="true"></UTCOffset>
          <UTCConversionTimeZoneCode xsi:nil="true"></UTCConversionTimeZoneCode>
        </Address>
      </Addresses>
    </Publisher>
    <RootComponents>
      <RootComponent type="29" id="{213659cf-1412-ee11-8f6e-6045bd3a2553}" behavior="0" />
      <RootComponent type="29" id="{26a48207-2f12-ee11-9cbd-6045bd3a2553}" behavior="0" />
      <RootComponent type="29" id="{339472e6-1712-ee11-8f6e-6045bd3a2553}" behavior="0" />
      <RootComponent type="29" id="{3ea05aad-dc14-ee11-9cbe-6045bd3a2553}" behavior="0" />
      <RootComponent type="29" id="{97cfc1fa-d714-ee11-9cbe-6045bd3a2553}" behavior="0" />
    </RootComponents>
    <MissingDependencies>
      <MissingDependency>
        <Required type="connectionreference" displayName="new_sharedsharepointonline_3db6c" solution="Active" id.connectionreferencelogicalname="new_sharedsharepointonline_3db6c" />
        <Dependent type="29" displayName="BulkCreateItems" id="{3ea05aad-dc14-ee11-9cbe-6045bd3a2553}" />
      </MissingDependency>
      <MissingDependency>
        <Required type="connectionreference" displayName="new_sharedsharepointonline_e11e7" solution="Active" id.connectionreferencelogicalname="new_sharedsharepointonline_e11e7" />
        <Dependent type="29" displayName="CreateListsAndColumns" id="{213659cf-1412-ee11-8f6e-6045bd3a2553}" />
      </MissingDependency>
      <MissingDependency>
        <Required type="connectionreference" displayName="new_sharedsharepointonline_e11e7" solution="Active" id.connectionreferencelogicalname="new_sharedsharepointonline_e11e7" />
        <Dependent type="29" displayName="CreateColumns" id="{26a48207-2f12-ee11-9cbd-6045bd3a2553}" />
      </MissingDependency>
      <MissingDependency>
        <Required type="connectionreference" displayName="new_sharedsharepointonline_e11e7" solution="Active" id.connectionreferencelogicalname="new_sharedsharepointonline_e11e7" />
        <Dependent type="29" displayName="removeTitleAsMandatory" id="{339472e6-1712-ee11-8f6e-6045bd3a2553}" />
      </MissingDependency>
      <MissingDependency>
        <Required type="connectionreference" displayName="new_sharedsharepointonline_e11e7" solution="Active" id.connectionreferencelogicalname="new_sharedsharepointonline_e11e7" />
        <Dependent type="29" displayName="CreateListsOnly" id="{97cfc1fa-d714-ee11-9cbe-6045bd3a2553}" />
      </MissingDependency>
    </MissingDependencies>
  </SolutionManifest>
</ImportExportXml>