{
  "properties": {
    "connectionReferences": {
      "shared_sharepointonline": {
        "runtimeSource": "invoker",
        "connection": {
          "connectionReferenceLogicalName": "new_sharedsharepointonline_3db6c"
        },
        "api": {
          "name": "shared_sharepointonline"
        }
      },
      "shared_excelonlinebusiness_1": {
        "runtimeSource": "invoker",
        "connection": {
          "connectionReferenceLogicalName": "lt_sharedexcelonlinebusiness_5d5eb"
        },
        "api": {
          "name": "shared_excelonlinebusiness"
        }
      }
    },
    "definition": {
      "$schema": "https://schema.management.azure.com/providers/Microsoft.Logic/schemas/2016-06-01/workflowdefinition.json#",
      "contentVersion": "1.0.0.0",
      "parameters": {
        "$connections": {
          "defaultValue": {},
          "type": "Object"
        },
        "$authentication": {
          "defaultValue": {},
          "type": "SecureObject"
        }
      },
      "triggers": {
        "manual": {
          "metadata": {
            "operationMetadataId": "d28435d5-9556-4927-bb2c-2dcb9905a637"
          },
          "type": "Request",
          "kind": "Button",
          "inputs": {
            "schema": {
              "type": "object",
              "properties": {},
              "required": []
            }
          }
        }
      },
      "actions": {
        "Create_SharePoint_Items": {
          "actions": {
            "settings": {
              "runAfter": {},
              "trackedProperties": {
                "meta": {
                  "type": "SP.Data.@{outputs('settings')?['listName']}ListItem"
                },
                "batchGUID": "@{guid()}",
                "changeSetGUID": "@{guid()}"
              },
              "metadata": {
                "operationMetadataId": "0d63733e-2782-4f29-9248-9a83b79f344a"
              },
              "type": "Compose",
              "inputs": {
                "siteAddress": "https://ltechsp.sharepoint.com/sites/engeformListaDev/",
                "listName": "Contatos",
                "batchSize": 1000
              },
              "description": "list to batch delete items from"
            },
            "batchTemplate": {
              "runAfter": {
                "GenerateSPData": [
                  "Succeeded"
                ]
              },
              "metadata": {
                "operationMetadataId": "d05b434e-0082-41f7-b48d-045900eb67c3"
              },
              "type": "Compose",
              "inputs": "--changeset_@{actions('settings')?['trackedProperties']['changeSetGUID']}\nContent-Type: application/http\nContent-Transfer-Encoding: binary\n\nPOST @{outputs('settings')['siteAddress']}_api/web/lists/getByTitle('@{outputs('settings')['listName']}')/items HTTP/1.1\nContent-Type: application/json;odata=verbose\n\n|RowData|\n"
            },
            "Do_until": {
              "actions": {
                "Select": {
                  "runAfter": {},
                  "metadata": {
                    "operationMetadataId": "e527635b-0862-47d0-966e-8755f454df49"
                  },
                  "type": "Select",
                  "inputs": {
                    "from": "@take(skip(body('GenerateSPData'), mul(outputs('settings')['batchSize'], iterationIndexes('Do_until'))), outputs('settings')['batchSize'])",
                    "select": "@replace(outputs('batchTemplate'), '|RowData|', string(item()))"
                  }
                },
                "Apply_to_each": {
                  "foreach": "@if(equals(variables('LoopControl'), 0), json('[]'), createArray(take(body('Select'), div(length(body('Select')), 2)), skip(body('Select'), div(length(body('Select')), 2))))",
                  "actions": {
                    "batchData": {
                      "runAfter": {},
                      "metadata": {
                        "operationMetadataId": "14b3425e-9ae8-419f-8adc-1edaccff8327"
                      },
                      "type": "Compose",
                      "inputs": "@join(item(), decodeUriComponent('%0A'))"
                    },
                    "SendBatch": {
                      "runAfter": {
                        "batchData": [
                          "Succeeded"
                        ]
                      },
                      "limit": {
                        "timeout": "P1D"
                      },
                      "metadata": {
                        "flowSystemMetadata": {
                          "swaggerOperationId": "HttpRequest"
                        },
                        "operationMetadataId": "054a42a3-33b0-4b2a-a5e5-eb37f6b5565f"
                      },
                      "type": "ApiConnection",
                      "inputs": {
                        "host": {
                          "connection": {
                            "name": "@json(decodeBase64(triggerOutputs().headers['X-MS-APIM-Tokens']))['$connections']['shared_sharepointonline']['connectionId']"
                          }
                        },
                        "method": "post",
                        "body": {
                          "method": "POST",
                          "uri": "/_api/$batch",
                          "headers": {
                            "X-RequestDigest": "digest",
                            "Content-Type": "multipart/mixed;boundary=batch_@{actions('settings')?['trackedProperties']['batchGUID']}"
                          },
                          "body": "--batch_@{actions('settings')?['trackedProperties']['batchGUID']}\nContent-Type: multipart/mixed; boundary=\"changeset_@{actions('settings')?['trackedProperties']['changeSetGUID']}\"\nContent-Length: \nContent-Transfer-Encoding: binary\n\n@{outputs('batchData')}\n--changeset_@{actions('settings')?['trackedProperties']['changeSetGUID']}--\n\n--batch_@{actions('settings')?['trackedProperties']['batchGUID']}--"
                        },
                        "path": "/datasets/@{encodeURIComponent(encodeURIComponent(outputs('settings')['siteAddress']))}/httprequest",
                        "authentication": {
                          "type": "Raw",
                          "value": "@json(decodeBase64(triggerOutputs().headers['X-MS-APIM-Tokens']))['$ConnectionKey']"
                        }
                      }
                    },
                    "Results": {
                      "runAfter": {
                        "SendBatch": [
                          "Succeeded"
                        ]
                      },
                      "metadata": {
                        "operationMetadataId": "6209e142-d9c4-4863-a3cf-0ebf002f8e3e"
                      },
                      "type": "Compose",
                      "inputs": "@base64ToString(body('sendBatch')['$content'])"
                    }
                  },
                  "runAfter": {
                    "Set_variable": [
                      "Succeeded"
                    ]
                  },
                  "metadata": {
                    "operationMetadataId": "0bfc12e4-a324-4fc2-9b47-ad7ff6c9d7b4"
                  },
                  "type": "Foreach",
                  "runtimeConfiguration": {
                    "concurrency": {
                      "repetitions": 10
                    }
                  }
                },
                "Set_variable": {
                  "runAfter": {
                    "Select": [
                      "Succeeded"
                    ]
                  },
                  "metadata": {
                    "operationMetadataId": "7b00913d-03e6-4fd8-bba6-e012187c2ffb"
                  },
                  "type": "SetVariable",
                  "inputs": {
                    "name": "LoopControl",
                    "value": "@length(body('Select'))"
                  }
                }
              },
              "runAfter": {
                "batchTemplate": [
                  "Succeeded"
                ]
              },
              "expression": "@equals(variables('LoopControl'), 0)",
              "limit": {
                "count": 60,
                "timeout": "PT1H"
              },
              "metadata": {
                "operationMetadataId": "750930f7-f981-4c04-9165-bc76ba0a3160"
              },
              "type": "Until"
            },
            "GenerateSPData": {
              "runAfter": {
                "settings": [
                  "Succeeded"
                ]
              },
              "metadata": {
                "operationMetadataId": "b931ad68-7af2-45f9-b354-a7b225236541"
              },
              "type": "Select",
              "inputs": {
                "from": "@body('List_rows_present_in_a_table')?['value']",
                "select": {
                  "__metadata": "@json(concat('{\"type\":\"SP.Data.', replace(outputs('settings')['listName'], ' ', '_x0020_'), 'ListItem\"}'))",
                  "nome": "@coalesce(item()['NOME_x002e_1'],'')",
                  "sobreNome": "@coalesce(item()['NOME_x002e_2'])",
                  "empresaNome": "@coalesce(item()['EMPRESA'],'')",
                  "cargoNome": "@coalesce(item()['CARGO'],'')",
                  "telefone": "@coalesce(string(item()['FONE FIXO']),'')",
                  "celular": "@coalesce(string(item()['CELULAR']),'')",
                  "email": "@coalesce(item()['E-MAIL'],'')",
                  "logradouro": "@coalesce(item()['ENDEREÇO'],'')",
                  "bairro": "@coalesce(item()['BAIRRO'],'')",
                  "cidade": "@coalesce(item()['CIDADE'],'')",
                  "estado": "@coalesce(item()['ESTADO'],'')",
                  "cep": "@coalesce(string(item()['CEP']),'')",
                  "responsavelNome": "@coalesce(item()['RESPONSAVEL'],'')"
                }
              }
            }
          },
          "runAfter": {
            "Initialize_variable": [
              "Succeeded"
            ]
          },
          "metadata": {
            "operationMetadataId": "197ac19e-4310-4ec9-825d-19bc4c56b611"
          },
          "type": "Scope"
        },
        "Initialize_variable": {
          "runAfter": {
            "List_rows_present_in_a_table": [
              "Succeeded"
            ]
          },
          "metadata": {
            "operationMetadataId": "a527156d-bfa9-44e7-a32e-6eb0735cdce4"
          },
          "type": "InitializeVariable",
          "inputs": {
            "variables": [
              {
                "name": "LoopControl",
                "type": "integer",
                "value": -1
              }
            ]
          }
        },
        "List_rows_present_in_a_table": {
          "runAfter": {},
          "metadata": {
            "01JZ5MFFWJ2BUW46YLLJC25ZFH6Z4V3MP6": "/PlanilhaBase.xlsx",
            "operationMetadataId": "53209172-3d78-4f81-b460-a42021f82818",
            "tableId": "{7D6CBAD2-E5AC-4D25-978D-37D54CB38AC1}"
          },
          "type": "OpenApiConnection",
          "inputs": {
            "host": {
              "connectionName": "shared_excelonlinebusiness_1",
              "operationId": "GetItems",
              "apiId": "/providers/Microsoft.PowerApps/apis/shared_excelonlinebusiness"
            },
            "parameters": {
              "source": "sites/ltechsp.sharepoint.com,3a01f8a8-f88d-4b55-a4bd-db62d700b61f,e3c016a9-56ee-45bb-a347-81c7f7119c93",
              "drive": "b!qPgBOo34VUukvdti1wC2H6kWwOPuVrtFo0eBx_cRnJPIL6sSIU8lTKGigpcXQamz",
              "file": "01JZ5MFFWJ2BUW46YLLJC25ZFH6Z4V3MP6",
              "table": "{7D6CBAD2-E5AC-4D25-978D-37D54CB38AC1}"
            },
            "authentication": {
              "type": "Raw",
              "value": "@json(decodeBase64(triggerOutputs().headers['X-MS-APIM-Tokens']))['$ConnectionKey']"
            }
          },
          "runtimeConfiguration": {
            "paginationPolicy": {
              "minimumItemCount": 5000
            }
          }
        }
      }
    },
    "templateName": ""
  },
  "schemaVersion": "1.0.0.0"
}