{
  "properties": {
    "connectionReferences": {
      "shared_sharepointonline": {
        "runtimeSource": "invoker",
        "connection": {
          "connectionReferenceLogicalName": "new_sharedsharepointonline_e11e7"
        },
        "api": {
          "name": "shared_sharepointonline"
        }
      }
    },
    "definition": {
      "$schema": "https://schema.management.azure.com/providers/Microsoft.Logic/schemas/2016-06-01/workflowdefinition.json#",
      "contentVersion": "1.0.0.0",
      "parameters": {
        "$connections": {
          "defaultValue": {},
          "type": "Object"
        },
        "$authentication": {
          "defaultValue": {},
          "type": "SecureObject"
        }
      },
      "triggers": {
        "manual": {
          "metadata": {
            "operationMetadataId": "5bd9c0fe-627d-48df-9a84-ac85a117f325"
          },
          "type": "Request",
          "kind": "Button",
          "inputs": {
            "schema": {
              "type": "object",
              "properties": {},
              "required": []
            }
          }
        }
      },
      "actions": {
        "Settings": {
          "runAfter": {},
          "metadata": {
            "operationMetadataId": "4f35816c-554e-47c4-97eb-bac70c7f7f77"
          },
          "type": "Compose",
          "inputs": {
            "site": "https://ltechsp.sharepoint.com/sites/engeformListaDev/",
            "lists": [
              {
                "BaseTemplate": 100,
                "Description": "Lista de contatos",
                "Title": "Contatos",
                "columns": [
                  {
                    "Title": "nome",
                    "FieldTypeKind": 2
                  },
                  {
                    "Title": "sobreNome",
                    "FieldTypeKind": 2
                  },
                  {
                    "Title": "empresaId",
                    "FieldTypeKind": 1
                  },
                  {
                    "Title": "cargoId",
                    "FieldTypeKind": 1
                  },
                  {
                    "Title": "telefone",
                    "FieldTypeKind": 1
                  },
                  {
                    "Title": "celular",
                    "FieldTypeKind": 1
                  },
                  {
                    "Title": "email",
                    "FieldTypeKind": 2
                  },
                  {
                    "Title": "endereco",
                    "FieldTypeKind": 2
                  },
                  {
                    "Title": "logradouro",
                    "FieldTypeKind": 2
                  },
                  {
                    "Title": "bairro",
                    "FieldTypeKind": 2
                  },
                  {
                    "Title": "cidade",
                    "FieldTypeKind": 2
                  },
                  {
                    "Title": "estado",
                    "FieldTypeKind": 2
                  },
                  {
                    "Title": "cep",
                    "FieldTypeKind": 2
                  }
                ]
              }
            ]
          }
        },
        "settingsParsed": {
          "runAfter": {
            "Settings": [
              "Succeeded"
            ]
          },
          "metadata": {
            "operationMetadataId": "59595949-e13c-45b8-ae17-b650110c93b4"
          },
          "type": "ParseJson",
          "inputs": {
            "content": "@outputs('Settings')",
            "schema": {
              "type": "object",
              "properties": {
                "site": {
                  "type": "string"
                },
                "lists": {
                  "type": "array",
                  "items": {
                    "type": "object",
                    "properties": {
                      "BaseTemplate": {
                        "type": "integer"
                      },
                      "Description": {
                        "type": "string"
                      },
                      "Title": {
                        "type": "string"
                      },
                      "columns": {
                        "type": "array",
                        "items": {
                          "type": "object",
                          "properties": {
                            "Title": {
                              "type": "string"
                            },
                            "FieldTypeKind": {
                              "type": "integer"
                            }
                          },
                          "required": [
                            "Title",
                            "FieldTypeKind"
                          ]
                        }
                      }
                    },
                    "required": [
                      "BaseTemplate",
                      "Description",
                      "Title",
                      "columns"
                    ]
                  }
                }
              }
            }
          }
        },
        "loopList": {
          "foreach": "@body('settingsParsed')?['lists']",
          "actions": {
            "createList": {
              "runAfter": {},
              "metadata": {
                "operationMetadataId": "ba92e8e7-d9c0-4a51-a453-7e5b929cbcb9"
              },
              "type": "OpenApiConnection",
              "inputs": {
                "host": {
                  "connectionName": "shared_sharepointonline",
                  "operationId": "HttpRequest",
                  "apiId": "/providers/Microsoft.PowerApps/apis/shared_sharepointonline"
                },
                "parameters": {
                  "dataset": "@body('settingsParsed')?['site']",
                  "parameters/method": "POST",
                  "parameters/uri": "_api/web/lists",
                  "parameters/headers": {
                    "content-type": "application/json;odata=nometadata",
                    "accept": "application/json;odata= nometadata"
                  },
                  "parameters/body": "{\n  \"BaseTemplate\": 100,\n \"Description\": \"@{item()['Description']}\",\n \"Title\": \"@{item()['Title']}\"\n}"
                },
                "authentication": {
                  "type": "Raw",
                  "value": "@json(decodeBase64(triggerOutputs().headers['X-MS-APIM-Tokens']))['$ConnectionKey']"
                }
              }
            }
          },
          "runAfter": {
            "settingsParsed": [
              "Succeeded"
            ]
          },
          "metadata": {
            "operationMetadataId": "b85da53d-56ef-4c96-9c0a-77765f52b4d3"
          },
          "type": "Foreach"
        }
      }
    },
    "templateName": ""
  },
  "schemaVersion": "1.0.0.0"
}