{
  "properties": {
    "connectionReferences": {
      "shared_sharepointonline": {
        "runtimeSource": "invoker",
        "connection": {
          "connectionReferenceLogicalName": "new_sharedsharepointonline_e11e7"
        },
        "api": {
          "name": "shared_sharepointonline"
        }
      }
    },
    "definition": {
      "$schema": "https://schema.management.azure.com/providers/Microsoft.Logic/schemas/2016-06-01/workflowdefinition.json#",
      "contentVersion": "1.0.0.0",
      "parameters": {
        "$connections": {
          "defaultValue": {},
          "type": "Object"
        },
        "$authentication": {
          "defaultValue": {},
          "type": "SecureObject"
        }
      },
      "triggers": {
        "manual": {
          "metadata": {
            "operationMetadataId": "cb2a826a-a958-460d-88b6-dd34fe4177a2"
          },
          "type": "Request",
          "kind": "Button",
          "inputs": {
            "schema": {
              "type": "object",
              "properties": {},
              "required": []
            }
          }
        }
      },
      "actions": {
        "Settings": {
          "runAfter": {},
          "metadata": {
            "operationMetadataId": "4f35816c-554e-47c4-97eb-bac70c7f7f77"
          },
          "type": "Compose",
          "inputs": {
            "site": "https://ltechsp.sharepoint.com/sites/engeformListaDev/",
            "lists": [
              {
                "BaseTemplate": 100,
                "Description": "Enderecos",
                "Title": "Enderecos",
                "columns": [
                  {
                    "Title": "logradouro",
                    "FieldTypeKind": 2
                  },
                  {
                    "Title": "bairro",
                    "FieldTypeKind": 2
                  },
                  {
                    "Title": "cidade",
                    "FieldTypeKind": 2
                  },
                  {
                    "Title": "estado",
                    "FieldTypeKind": 2
                  },
                  {
                    "Title": "cep",
                    "FieldTypeKind": 2
                  }
                ]
              }
            ]
          }
        },
        "settingsParsed": {
          "runAfter": {
            "Settings": [
              "Succeeded"
            ]
          },
          "metadata": {
            "operationMetadataId": "59595949-e13c-45b8-ae17-b650110c93b4"
          },
          "type": "ParseJson",
          "inputs": {
            "content": "@outputs('Settings')",
            "schema": {
              "type": "object",
              "properties": {
                "site": {
                  "type": "string"
                },
                "lists": {
                  "type": "array",
                  "items": {
                    "type": "object",
                    "properties": {
                      "BaseTemplate": {
                        "type": "integer"
                      },
                      "Description": {
                        "type": "string"
                      },
                      "Title": {
                        "type": "string"
                      },
                      "columns": {
                        "type": "array",
                        "items": {
                          "type": "object",
                          "properties": {
                            "Title": {
                              "type": "string"
                            },
                            "FieldTypeKind": {
                              "type": "integer"
                            }
                          },
                          "required": [
                            "Title",
                            "FieldTypeKind"
                          ]
                        }
                      }
                    },
                    "required": [
                      "BaseTemplate",
                      "Description",
                      "Title",
                      "columns"
                    ]
                  }
                }
              }
            }
          }
        },
        "Apply_to_each": {
          "foreach": "@body('settingsParsed')?['lists']",
          "actions": {
            "Apply_to_each_2": {
              "foreach": "@item()['columns']",
              "actions": {
                "createColumn": {
                  "runAfter": {},
                  "metadata": {
                    "operationMetadataId": "9685d47a-51ac-4633-8aec-99c99d2f50f9"
                  },
                  "type": "OpenApiConnection",
                  "inputs": {
                    "host": {
                      "connectionName": "shared_sharepointonline",
                      "operationId": "HttpRequest",
                      "apiId": "/providers/Microsoft.PowerApps/apis/shared_sharepointonline"
                    },
                    "parameters": {
                      "dataset": "https://ltechsp.sharepoint.com/sites/engeformListaDev",
                      "parameters/method": "POST",
                      "parameters/uri": "_api/web/lists/getByTitle('@{items('Apply_to_each')['Title']}')/fields",
                      "parameters/headers": {
                        "Accept": "application/json;odata=verbose",
                        "Content-Type": "application/json;odata=verbose"
                      },
                      "parameters/body": "{ \n'__metadata': { 'type': 'SP.Field' }, \n     'FieldTypeKind': @{item()['FieldTypeKind']}, \n     'Title':'@{item()['Title']}'\n}"
                    },
                    "authentication": {
                      "type": "Raw",
                      "value": "@json(decodeBase64(triggerOutputs().headers['X-MS-APIM-Tokens']))['$ConnectionKey']"
                    }
                  }
                }
              },
              "runAfter": {},
              "metadata": {
                "operationMetadataId": "de281d4a-0755-442c-b21c-393994764515"
              },
              "type": "Foreach"
            }
          },
          "runAfter": {
            "settingsParsed": [
              "Succeeded"
            ]
          },
          "metadata": {
            "operationMetadataId": "7a2808d4-9f48-4978-963e-bbcb6c72f4f9"
          },
          "type": "Foreach"
        }
      }
    },
    "templateName": ""
  },
  "schemaVersion": "1.0.0.0"
}