{
  "properties": {
    "connectionReferences": {
      "shared_sharepointonline": {
        "runtimeSource": "invoker",
        "connection": {
          "connectionReferenceLogicalName": "new_sharedsharepointonline_e11e7"
        },
        "api": {
          "name": "shared_sharepointonline"
        }
      }
    },
    "definition": {
      "$schema": "https://schema.management.azure.com/providers/Microsoft.Logic/schemas/2016-06-01/workflowdefinition.json#",
      "contentVersion": "1.0.0.0",
      "parameters": {
        "$connections": {
          "defaultValue": {},
          "type": "Object"
        },
        "$authentication": {
          "defaultValue": {},
          "type": "SecureObject"
        }
      },
      "triggers": {
        "manual": {
          "metadata": {
            "operationMetadataId": "5bd9c0fe-627d-48df-9a84-ac85a117f325"
          },
          "type": "Request",
          "kind": "Button",
          "inputs": {
            "schema": {
              "type": "object",
              "properties": {},
              "required": []
            }
          }
        }
      },
      "actions": {
        "Settings": {
          "runAfter": {},
          "metadata": {
            "operationMetadataId": "4f35816c-554e-47c4-97eb-bac70c7f7f77"
          },
          "type": "Compose",
          "inputs": {
            "site": "https://ltechsp.sharepoint.com/sites/engeformListaDev/",
            "lists": [
              {
                "BaseTemplate": 100,
                "Description": "Municipios",
                "Title": "Enderecos",
                "columns": [
                  {
                    "Title": "uf",
                    "FieldTypeKind": 2
                  },
                  {
                    "Title": "cod-uf",
                    "FieldTypeKind": 2
                  },
                  {
                    "Title": "cod-municipio",
                    "FieldTypeKind": 2
                  },
                  {
                    "Title": "nome-municipio",
                    "FieldTypeKind": 2
                  }
                ]
              },
              {
                "BaseTemplate": 100,
                "Description": "Lista de contatos",
                "Title": "Contatos",
                "columns": [
                  {
                    "Title": "nome",
                    "FieldTypeKind": 2
                  },
                  {
                    "Title": "sobreNome",
                    "FieldTypeKind": 2
                  },
                  {
                    "Title": "empresaId",
                    "FieldTypeKind": 1
                  },
                  {
                    "Title": "cargoId",
                    "FieldTypeKind": 1
                  },
                  {
                    "Title": "telefone",
                    "FieldTypeKind": 1
                  },
                  {
                    "Title": "celular",
                    "FieldTypeKind": 1
                  },
                  {
                    "Title": "email",
                    "FieldTypeKind": 2
                  },
                  {
                    "Title": "endereco",
                    "FieldTypeKind": 2
                  },
                  {
                    "Title": "logradouro",
                    "FieldTypeKind": 2
                  },
                  {
                    "Title": "bairro",
                    "FieldTypeKind": 2
                  },
                  {
                    "Title": "cidade",
                    "FieldTypeKind": 2
                  },
                  {
                    "Title": "estado",
                    "FieldTypeKind": 2
                  },
                  {
                    "Title": "cep",
                    "FieldTypeKind": 2
                  }
                ]
              }
            ]
          }
        },
        "settingsParsed": {
          "runAfter": {
            "Settings": [
              "Succeeded"
            ]
          },
          "metadata": {
            "operationMetadataId": "59595949-e13c-45b8-ae17-b650110c93b4"
          },
          "type": "ParseJson",
          "inputs": {
            "content": "@outputs('Settings')",
            "schema": {
              "type": "object",
              "properties": {
                "site": {
                  "type": "string"
                },
                "lists": {
                  "type": "array",
                  "items": {
                    "type": "object",
                    "properties": {
                      "BaseTemplate": {
                        "type": "integer"
                      },
                      "Description": {
                        "type": "string"
                      },
                      "Title": {
                        "type": "string"
                      },
                      "columns": {
                        "type": "array",
                        "items": {
                          "type": "object",
                          "properties": {
                            "Title": {
                              "type": "string"
                            },
                            "FieldTypeKind": {
                              "type": "integer"
                            }
                          },
                          "required": [
                            "Title",
                            "FieldTypeKind"
                          ]
                        }
                      }
                    },
                    "required": [
                      "BaseTemplate",
                      "Description",
                      "Title",
                      "columns"
                    ]
                  }
                }
              }
            }
          }
        },
        "loopList": {
          "foreach": "@body('settingsParsed')?['lists']",
          "actions": {
            "createList": {
              "runAfter": {},
              "metadata": {
                "operationMetadataId": "ba92e8e7-d9c0-4a51-a453-7e5b929cbcb9"
              },
              "type": "OpenApiConnection",
              "inputs": {
                "host": {
                  "connectionName": "shared_sharepointonline",
                  "operationId": "HttpRequest",
                  "apiId": "/providers/Microsoft.PowerApps/apis/shared_sharepointonline"
                },
                "parameters": {
                  "dataset": "@body('settingsParsed')?['site']",
                  "parameters/method": "POST",
                  "parameters/uri": "_api/web/lists",
                  "parameters/headers": {
                    "content-type": "application/json;odata=nometadata",
                    "accept": "application/json;odata= nometadata"
                  },
                  "parameters/body": "{\n  \"BaseTemplate\": 100,\n \"Description\": \"@{item()['Description']}\",\n \"Title\": \"@{item()['Title']}\"\n}"
                },
                "authentication": {
                  "type": "Raw",
                  "value": "@json(decodeBase64(triggerOutputs().headers['X-MS-APIM-Tokens']))['$ConnectionKey']"
                }
              }
            },
            "applyToEachColumns": {
              "foreach": "@items('loopList')?['columns']",
              "actions": {
                "createColumn": {
                  "runAfter": {},
                  "metadata": {
                    "operationMetadataId": "9685d47a-51ac-4633-8aec-99c99d2f50f9"
                  },
                  "type": "OpenApiConnection",
                  "inputs": {
                    "host": {
                      "connectionName": "shared_sharepointonline",
                      "operationId": "HttpRequest",
                      "apiId": "/providers/Microsoft.PowerApps/apis/shared_sharepointonline"
                    },
                    "parameters": {
                      "dataset": "@body('settingsParsed')?['site']",
                      "parameters/method": "POST",
                      "parameters/uri": "https://ltechsp.sharepoint.com/sites/engeformListaDev/_api/web/lists/getById('@{outputs('createList')['Id']}')/fields",
                      "parameters/headers": {
                        "content-type": "application/json;odata=nometadata",
                        "accept": "application/json;odata= nometadata"
                      },
                      "parameters/body": "{ \n'__metadata': { 'type': 'SP.Field' }, \n     'FieldTypeKind': @{item()['FieldTypeKind']}, \n     'Title': \"@{item()['Title']}''\n}"
                    },
                    "authentication": {
                      "type": "Raw",
                      "value": "@json(decodeBase64(triggerOutputs().headers['X-MS-APIM-Tokens']))['$ConnectionKey']"
                    }
                  }
                },
                "addColumnToView": {
                  "runAfter": {
                    "createColumn": [
                      "Succeeded"
                    ]
                  },
                  "metadata": {
                    "operationMetadataId": "9685d47a-51ac-4633-8aec-99c99d2f50f9"
                  },
                  "type": "OpenApiConnection",
                  "inputs": {
                    "host": {
                      "connectionName": "shared_sharepointonline",
                      "operationId": "HttpRequest",
                      "apiId": "/providers/Microsoft.PowerApps/apis/shared_sharepointonline"
                    },
                    "parameters": {
                      "dataset": "@body('settingsParsed')?['site']",
                      "parameters/method": "POST",
                      "parameters/uri": "_api/web/lists/GetByTitle('@{items('loopList')['Title']}')/views/getbytitle('Todos os Itens')/ViewFields/AddViewField('@{item()['Title']}')",
                      "parameters/headers": {
                        "content-type": "application/json;odata=nometadata",
                        "accept": "application/json;odata= nometadata"
                      }
                    },
                    "authentication": {
                      "type": "Raw",
                      "value": "@json(decodeBase64(triggerOutputs().headers['X-MS-APIM-Tokens']))['$ConnectionKey']"
                    }
                  }
                },
                "Append_to_array_variable": {
                  "runAfter": {
                    "addColumnToView": [
                      "Succeeded"
                    ]
                  },
                  "metadata": {
                    "operationMetadataId": "0ded4457-1036-4dcd-bb88-39d1542da36f"
                  },
                  "type": "AppendToArrayVariable",
                  "inputs": {
                    "name": "errors",
                    "value": {
                      "item": "@items('applyToEachColumns')"
                    }
                  }
                },
                "getTitle": {
                  "runAfter": {
                    "Append_to_array_variable": [
                      "Succeeded"
                    ]
                  },
                  "metadata": {
                    "operationMetadataId": "9127b1d9-2310-4ef2-babe-545c0826648a"
                  },
                  "type": "OpenApiConnection",
                  "inputs": {
                    "host": {
                      "connectionName": "shared_sharepointonline",
                      "operationId": "HttpRequest",
                      "apiId": "/providers/Microsoft.PowerApps/apis/shared_sharepointonline"
                    },
                    "parameters": {
                      "dataset": "@body('settingsParsed')?['site']",
                      "parameters/method": "GET",
                      "parameters/uri": "_api/Web/Lists/GetByTitle('@{items('loopList')['Title']}')/fields?$filter=EntityPropertyName eq 'Title'\n",
                      "parameters/headers": {
                        "content-type": "application/json;odata=nometadata",
                        "accept": "application/json;odata= nometadata"
                      }
                    },
                    "authentication": {
                      "type": "Raw",
                      "value": "@json(decodeBase64(triggerOutputs().headers['X-MS-APIM-Tokens']))['$ConnectionKey']"
                    }
                  }
                },
                "titleRequiredFalse": {
                  "runAfter": {
                    "getTitle": [
                      "Succeeded"
                    ]
                  },
                  "metadata": {
                    "operationMetadataId": "cc9111f7-93de-42ff-816b-af55ec946e2e"
                  },
                  "type": "OpenApiConnection",
                  "inputs": {
                    "host": {
                      "connectionName": "shared_sharepointonline",
                      "operationId": "HttpRequest",
                      "apiId": "/providers/Microsoft.PowerApps/apis/shared_sharepointonline"
                    },
                    "parameters": {
                      "dataset": "@body('settingsParsed')?['site']",
                      "parameters/method": "POST",
                      "parameters/uri": "_api/web/lists/getbytitle('@{items('loopList')['Title']}')/Fields('@{items('applyToEachColumns')['Title']}')",
                      "parameters/headers": {
                        "content-type": "application/json;odata=nometadata",
                        "accept": "application/json;odata= nometadata"
                      },
                      "parameters/body": "{\n'__metadata':{'type':'SP.Field'},\n'Required':false\n}"
                    },
                    "authentication": {
                      "type": "Raw",
                      "value": "@json(decodeBase64(triggerOutputs().headers['X-MS-APIM-Tokens']))['$ConnectionKey']"
                    }
                  }
                }
              },
              "runAfter": {
                "createList": [
                  "Succeeded"
                ]
              },
              "metadata": {
                "operationMetadataId": "519106b8-0b67-43c6-adde-6d220865cd1b"
              },
              "type": "Foreach"
            }
          },
          "runAfter": {
            "Initialize_variable_2": [
              "Succeeded"
            ]
          },
          "metadata": {
            "operationMetadataId": "b85da53d-56ef-4c96-9c0a-77765f52b4d3"
          },
          "type": "Foreach"
        },
        "Initialize_variable": {
          "runAfter": {
            "settingsParsed": [
              "Succeeded"
            ]
          },
          "metadata": {
            "operationMetadataId": "b4972954-1e80-4d92-a5cd-43b1bdab8c4b"
          },
          "type": "InitializeVariable",
          "inputs": {
            "variables": [
              {
                "name": "errors",
                "type": "array",
                "value": []
              }
            ]
          }
        },
        "Initialize_variable_2": {
          "runAfter": {
            "Initialize_variable": [
              "Succeeded"
            ]
          },
          "metadata": {
            "operationMetadataId": "81bd16fd-0ede-4254-a14e-05d005ebad3d"
          },
          "type": "InitializeVariable",
          "inputs": {
            "variables": [
              {
                "name": "arrListId",
                "type": "array",
                "value": []
              }
            ]
          }
        }
      }
    },
    "templateName": ""
  },
  "schemaVersion": "1.0.0.0"
}