{
  "properties": {
    "connectionReferences": {
      "shared_sharepointonline": {
        "runtimeSource": "invoker",
        "connection": {
          "connectionReferenceLogicalName": "new_sharedsharepointonline_e11e7"
        },
        "api": {
          "name": "shared_sharepointonline"
        }
      }
    },
    "definition": {
      "$schema": "https://schema.management.azure.com/providers/Microsoft.Logic/schemas/2016-06-01/workflowdefinition.json#",
      "contentVersion": "1.0.0.0",
      "parameters": {
        "$connections": {
          "defaultValue": {},
          "type": "Object"
        },
        "$authentication": {
          "defaultValue": {},
          "type": "SecureObject"
        }
      },
      "triggers": {
        "manual": {
          "metadata": {
            "operationMetadataId": "d1d98c8a-4153-487c-9205-9abbe3e09734"
          },
          "type": "Request",
          "kind": "Button",
          "inputs": {
            "schema": {
              "type": "object",
              "properties": {},
              "required": []
            }
          }
        }
      },
      "actions": {
        "getLists": {
          "runAfter": {
            "parseSettings": [
              "Succeeded"
            ]
          },
          "metadata": {
            "operationMetadataId": "564e5c12-ee87-4f4a-937f-6e6afae47e7b"
          },
          "type": "OpenApiConnection",
          "inputs": {
            "host": {
              "connectionName": "shared_sharepointonline",
              "operationId": "HttpRequest",
              "apiId": "/providers/Microsoft.PowerApps/apis/shared_sharepointonline"
            },
            "parameters": {
              "dataset": "@body('parseSettings')?['site']",
              "parameters/method": "GET",
              "parameters/uri": "_api/web/lists?$filter=BaseTemplate eq 100&$select=Title,Id",
              "parameters/headers": {
                "content-type": "application/json;odata=nometadata",
                "accept": "application/json;odata= nometadata"
              }
            },
            "authentication": {
              "type": "Raw",
              "value": "@json(decodeBase64(triggerOutputs().headers['X-MS-APIM-Tokens']))['$ConnectionKey']"
            }
          }
        },
        "settings": {
          "runAfter": {},
          "metadata": {
            "operationMetadataId": "4cb7381b-ab03-4b61-9dd7-6cd915d44217"
          },
          "type": "Compose",
          "inputs": {
            "site": "https://ltechsp.sharepoint.com/sites/engeformListaDev/"
          }
        },
        "parseSettings": {
          "runAfter": {
            "settings": [
              "Succeeded"
            ]
          },
          "metadata": {
            "operationMetadataId": "ac9d4c7f-89ca-496a-b9ef-9e0618e98021"
          },
          "type": "ParseJson",
          "inputs": {
            "content": "@outputs('settings')",
            "schema": {
              "type": "object",
              "properties": {
                "site": {
                  "type": "string"
                }
              }
            }
          }
        },
        "eachList": {
          "foreach": "@body('getLists')['value']",
          "actions": {
            "getTitle": {
              "runAfter": {},
              "metadata": {
                "operationMetadataId": "3149134f-6831-4562-828a-0b941f7d136f"
              },
              "type": "OpenApiConnection",
              "inputs": {
                "host": {
                  "connectionName": "shared_sharepointonline",
                  "operationId": "HttpRequest",
                  "apiId": "/providers/Microsoft.PowerApps/apis/shared_sharepointonline"
                },
                "parameters": {
                  "dataset": "@body('parseSettings')?['site']",
                  "parameters/method": "GET",
                  "parameters/uri": "_api/Web/Lists/GetByTitle('@{item()['Title']}')/fields?$filter=EntityPropertyName eq 'Title'&$select=Id",
                  "parameters/headers": {
                    "content-type": "application/json;odata=nometadata",
                    "accept": "application/json;odata= nometadata"
                  }
                },
                "authentication": {
                  "type": "Raw",
                  "value": "@json(decodeBase64(triggerOutputs().headers['X-MS-APIM-Tokens']))['$ConnectionKey']"
                }
              }
            },
            "removeTitleMandatory": {
              "runAfter": {
                "getTitle": [
                  "Succeeded"
                ]
              },
              "metadata": {
                "operationMetadataId": "d65d7a3d-3d96-43ad-8c5e-5eafa729ddbd"
              },
              "type": "OpenApiConnection",
              "inputs": {
                "host": {
                  "connectionName": "shared_sharepointonline",
                  "operationId": "HttpRequest",
                  "apiId": "/providers/Microsoft.PowerApps/apis/shared_sharepointonline"
                },
                "parameters": {
                  "dataset": "@body('parseSettings')?['site']",
                  "parameters/method": "POST",
                  "parameters/uri": "_api/web/lists/getbytitle('@{item()['Title']}')/Fields('@{outputs('getTitle')['value']['Id'][0]}')",
                  "parameters/headers": {
                    "accept": "application/json;odata=verbose",
                    "content-type": "application/json;odata=verbose",
                    "X-HTTP-Method": "PATCH",
                    "IF-Match": "*",
                    "": ""
                  },
                  "parameters/body": "{\n'__metadata':{'type':'SP.Field'},\n'Required':false\n}"
                },
                "authentication": {
                  "type": "Raw",
                  "value": "@json(decodeBase64(triggerOutputs().headers['X-MS-APIM-Tokens']))['$ConnectionKey']"
                }
              }
            },
            "removeTitleFromView": {
              "runAfter": {
                "addIdToView": [
                  "Succeeded"
                ]
              },
              "metadata": {
                "operationMetadataId": "9381cd68-6cd3-4fd1-beb4-79cc4024ed64"
              },
              "type": "OpenApiConnection",
              "inputs": {
                "host": {
                  "connectionName": "shared_sharepointonline",
                  "operationId": "HttpRequest",
                  "apiId": "/providers/Microsoft.PowerApps/apis/shared_sharepointonline"
                },
                "parameters": {
                  "dataset": "@body('parseSettings')?['site']",
                  "parameters/method": "POST",
                  "parameters/uri": "_api/web/lists/getbytitle('@{item()['Title']}')/views/getbytitle('Todos os Itens')/ViewFields/removeviewfield('LinkTitle')",
                  "parameters/headers": {
                    "Accept": "application/json; odata=verbose",
                    "content-type": "application/json; odata=verbose",
                    "": ""
                  }
                },
                "authentication": {
                  "type": "Raw",
                  "value": "@json(decodeBase64(triggerOutputs().headers['X-MS-APIM-Tokens']))['$ConnectionKey']"
                }
              }
            },
            "addIdToView": {
              "runAfter": {
                "getTitle": [
                  "Succeeded"
                ]
              },
              "metadata": {
                "operationMetadataId": "adb2842d-f7e7-45ef-b771-44f316df8b8e"
              },
              "type": "OpenApiConnection",
              "inputs": {
                "host": {
                  "connectionName": "shared_sharepointonline",
                  "operationId": "HttpRequest",
                  "apiId": "/providers/Microsoft.PowerApps/apis/shared_sharepointonline"
                },
                "parameters": {
                  "dataset": "@body('parseSettings')?['site']",
                  "parameters/method": "POST",
                  "parameters/uri": "_api/web/lists/getbytitle('@{item()['Title']}')/views/getbytitle('Todos os Itens')/ViewFields/addviewfield('ID')"
                },
                "authentication": {
                  "type": "Raw",
                  "value": "@json(decodeBase64(triggerOutputs().headers['X-MS-APIM-Tokens']))['$ConnectionKey']"
                }
              }
            }
          },
          "runAfter": {
            "getLists": [
              "Succeeded"
            ]
          },
          "metadata": {
            "operationMetadataId": "aa2683e2-6244-4d3a-b9f2-5a7772a35d5d"
          },
          "type": "Foreach"
        }
      }
    },
    "templateName": null
  },
  "schemaVersion": "1.0.0.0"
}